,start,end,speaker
3,8.94,10.41,speaker_0
4,10.86,19.485,speaker_0
6,19.9,63.21,speaker_0
7,63.5,67.13,speaker_1
8,67.66,73.285,speaker_0
9,73.285,75.535,speaker_1
10,75.535,75.785,speaker_0
12,76.035,76.285,speaker_1
13,76.285,81.28999999999999,speaker_0
14,81.58,103.85,speaker_0
15,104.54,112.25,speaker_1
16,112.54,127.915,speaker_0
17,127.915,129.41500000000002,speaker_1
18,129.415,136.415,speaker_0
19,136.415,137.165,speaker_1
20,137.165,146.91,speaker_0
