freq,feature
0.47724362240718876,petal length (cm)
0.38697567099571034,petal width (cm)
0.11132685018396658,sepal length (cm)
0.024453856413134186,sepal width (cm)
